<?xml version="1.0" encoding="UTF-8"?>
<project-private xmlns="http://www.netbeans.org/ns/project-private/1">
    <editor-bookmarks xmlns="http://www.netbeans.org/ns/editor-bookmarks/2" lastBookmarkId="0"/>
    <open-files xmlns="http://www.netbeans.org/ns/projectui-open-files/2">
        <group>
            <file>file:/D:/netbeans%20project/datastructure_project/src/BillingInfo.java</file>
            <file>file:/D:/netbeans%20project/datastructure_project/src/Products.java</file>
            <file>file:/D:/netbeans%20project/datastructure_project/src/mainpage.java</file>
            <file>file:/D:/netbeans%20project/datastructure_project/src/Suppliers.java</file>
            <file>file:/D:/netbeans%20project/datastructure_project/src/Login.java</file>
            <file>file:/D:/netbeans%20project/datastructure_project/src/Product.java</file>
            <file>file:/D:/netbeans%20project/datastructure_project/src/Supplier.java</file>
        </group>
    </open-files>
</project-private>
